Sr. No,Subject,Body,Timestamp,Communication Channel
1,Great Job!,We’re on the right track—let’s keep pushing forward!,2025-01-30 18:40:12,Slack
2,Project Update,Can you forward me the CEO’s email please?,2025-01-26 07:44:12,Slack
3,Urgent: Need Assistance,I’m hitting a few roadblocks here. Any suggestions?,2025-02-07 12:23:12,Email
4,Appreciation for Your Efforts,Thanks for your hard work on this project!,2025-01-17 20:13:12,Email
5,Quick Sync Needed,The meeting has been rescheduled to 3 PM. Please update your calendars.,2025-01-11 06:23:12,Slack
6,Concerns About Progress,I’m struggling with a lack of clarity around the expectations for my role,2025-01-15 14:42:12,Microsoft Teams
7,Well Done!,Thanks for your hard work on this project!,2025-01-18 13:49:12,Email
8,General Inquiry,Here’s the link to the shared drive for the project files.,2025-02-01 02:47:12,Slack
9,Struggling with Deadlines,"I suppose we can proceed, but I have some concerns.",2025-01-11 05:06:12,Email
10,Fantastic Progress,Great work. Let’s schedule a meeting to discuss the next steps.,2025-02-07 02:39:12,Microsoft Teams
11,Meeting Rescheduled,This isn’t quite what I had in mind. Can we make a few adjustments?,2025-01-10 00:50:12,Email
12,Feeling Overwhelmed,I’m worried I won’t meet my deadlines,2025-01-31 18:41:12,Microsoft Teams
13,Teamwork Pays Off,Great work. Let’s schedule a meeting to discuss the next steps.,2025-01-19 05:49:12,Microsoft Teams
14,Follow-Up Required,Can you forward me the CEO’s email please?,2025-02-05 19:08:12,Microsoft Teams
15,Need Clarity on Expectations,I’m struggling with a lack of clarity around the expectations for my role,2025-01-26 04:17:12,Microsoft Teams
16,Outstanding Work!,Well done! Great teamwork,2025-01-14 08:28:12,Email
17,Next Steps Discussion,Can you forward me the CEO’s email please?,2025-02-06 10:57:12,Email
18,Blocked on a Task,This feels like it’s dragging on. Can we speed things up?,2025-01-23 16:28:12,Microsoft Teams
19,Keep Up the Good Work!,Thanks for your hard work on this project!,2025-02-04 15:01:12,Microsoft Teams
20,Clarification Needed,The meeting has been rescheduled to 3 PM. Please update your calendars.,2025-01-27 09:09:12,Slack
21,Facing Challenges,I’m hitting a few roadblocks here. Any suggestions?,2025-01-10 17:03:12,Slack
22,Excellent Execution!,"Let’s keep it up, it looks good.",2025-01-20 19:42:12,Slack
23,Check-In Reminder,The meeting has been rescheduled to 3 PM. Please update your calendars.,2025-02-07 04:12:12,Slack
24,Workload Management Issues,I’m worried I won’t meet my deadlines,2025-01-12 20:06:12,Email
25,Great Job!,Thanks for your hard work on this project!,2025-01-19 12:29:12,Email
26,Project Update,Can we sync up to discuss our progress on the project?,2025-01-22 19:41:12,Email
27,Urgent: Need Assistance,This feels like it’s dragging on. Can we speed things up?,2025-01-30 01:53:12,Microsoft Teams
28,Appreciation for Your Efforts,Excellent progress. Let’s push through the final stretch!,2025-01-29 12:42:12,Email
29,Quick Sync Needed,This isn’t quite what I had in mind. Can we make a few adjustments?,2025-01-10 00:43:12,Email
30,Concerns About Progress,This feels like it’s dragging on. Can we speed things up?,2025-01-14 04:02:12,Microsoft Teams
31,Well Done!,Let’s keep the momentum going!,2025-01-20 00:54:12,Slack
32,General Inquiry,I’m feeling a bit unsure about this approach. What do you think?,2025-01-11 22:21:12,Microsoft Teams
33,Struggling with Deadlines,I’m feeling really burnt out and overwhelmed. I think I need a break,2025-02-04 07:11:12,Slack
34,Fantastic Progress,Let’s keep the momentum going!,2025-02-06 06:31:12,Microsoft Teams
35,Meeting Rescheduled,This isn’t quite what I had in mind. Can we make a few adjustments?,2025-01-31 18:27:12,Email
36,Feeling Overwhelmed,"I’m juggling a few things at the moment, so I might need some extra time.",2025-01-16 06:47:12,Email
37,Teamwork Pays Off,We’re on the right track—let’s keep pushing forward!,2025-01-16 22:32:12,Slack
38,Follow-Up Required,Can you forward me the CEO’s email please?,2025-01-10 23:32:12,Slack
39,Need Clarity on Expectations,"I suppose we can proceed, but I have some concerns.",2025-01-20 12:35:12,Microsoft Teams
40,Outstanding Work!,Great work. Let’s schedule a meeting to discuss the next steps.,2025-01-22 10:29:12,Email
41,Next Steps Discussion,Can you forward me the CEO’s email please?,2025-01-25 01:44:12,Email
42,Blocked on a Task,I’m struggling with a lack of clarity around the expectations for my role,2025-01-27 18:18:12,Slack
43,Keep Up the Good Work!,Excellent progress. Let’s push through the final stretch!,2025-02-07 18:55:12,Email
44,Clarification Needed,This isn’t quite what I had in mind. Can we make a few adjustments?,2025-01-18 05:07:12,Microsoft Teams
45,Facing Challenges,I’m struggling with a lack of clarity around the expectations for my role,2025-01-15 03:35:12,Slack
46,Excellent Execution!,Thanks for your hard work on this project!,2025-01-12 21:01:12,Email
47,Check-In Reminder,Can we sync up to discuss our progress on the project?,2025-02-02 23:50:12,Slack
48,Workload Management Issues,"I’ll try to make this work, but it’s not ideal.",2025-01-12 04:30:12,Microsoft Teams
49,Great Job!,Thanks for your hard work on this project!,2025-01-30 12:14:12,Email
50,Project Update,Let’s touch base later today to go over the next steps.,2025-01-30 16:16:12,Email
51,Urgent: Need Assistance,I’m feeling really burnt out and overwhelmed. I think I need a break,2025-01-16 16:34:12,Slack
52,Appreciation for Your Efforts,Excellent progress. Let’s push through the final stretch!,2025-01-18 19:46:12,Slack
53,Quick Sync Needed,The meeting has been rescheduled to 3 PM. Please update your calendars.,2025-01-12 20:37:12,Email
54,Concerns About Progress,"I’m juggling a few things at the moment, so I might need some extra time.",2025-02-01 23:38:12,Slack
55,Well Done!,Excellent progress. Let’s push through the final stretch!,2025-02-02 19:17:12,Email
56,General Inquiry,Here’s the link to the shared drive for the project files.,2025-02-03 18:45:12,Microsoft Teams
57,Struggling with Deadlines,I’m feeling really burnt out and overwhelmed. I think I need a break,2025-01-22 09:42:12,Microsoft Teams
58,Fantastic Progress,"Let’s keep it up, it looks good.",2025-01-30 20:28:12,Email
59,Meeting Rescheduled,Can we sync up to discuss our progress on the project?,2025-01-23 01:18:12,Microsoft Teams
60,Feeling Overwhelmed,"I’m juggling a few things at the moment, so I might need some extra time.",2025-01-23 23:24:12,Email
61,Teamwork Pays Off,Excellent progress. Let’s push through the final stretch!,2025-01-14 16:28:12,Email
62,Follow-Up Required,Here’s the link to the shared drive for the project files.,2025-01-23 12:22:12,Slack
63,Need Clarity on Expectations,This feels like it’s dragging on. Can we speed things up?,2025-01-11 08:47:12,Microsoft Teams
64,Outstanding Work!,Let’s keep the momentum going!,2025-01-22 02:29:12,Microsoft Teams
65,Next Steps Discussion,Here’s the link to the shared drive for the project files.,2025-01-25 01:38:12,Microsoft Teams
66,Blocked on a Task,I’m hitting a few roadblocks here. Any suggestions?,2025-01-19 03:19:12,Email
67,Keep Up the Good Work!,Thanks for your hard work on this project—it really paid off!,2025-01-12 13:35:12,Microsoft Teams
68,Clarification Needed,Let’s touch base later today to go over the next steps.,2025-01-28 21:24:12,Slack
69,Facing Challenges,"If that’s what everyone thinks is best, I’ll go along with it.",2025-01-11 04:43:12,Microsoft Teams
70,Excellent Execution!,Great work. Let’s schedule a meeting to discuss the next steps.,2025-01-21 06:52:12,Microsoft Teams
71,Check-In Reminder,Let’s touch base later today to go over the next steps.,2025-01-18 01:51:12,Microsoft Teams
72,Workload Management Issues,Can someone help me with this project? I’m having trouble with...,2025-01-12 11:05:12,Email
73,Great Job!,Thanks for your hard work on this project—it really paid off!,2025-01-25 17:38:12,Email
74,Project Update,This isn’t quite what I had in mind. Can we make a few adjustments?,2025-01-14 11:19:12,Slack
75,Urgent: Need Assistance,I’m feeling really burnt out and overwhelmed. I think I need a break,2025-02-07 12:23:12,Slack
76,Appreciation for Your Efforts,Thanks for your hard work on this project—it really paid off!,2025-01-20 00:18:12,Slack
77,Quick Sync Needed,Here’s the link to the shared drive for the project files.,2025-01-10 00:22:12,Slack
78,Concerns About Progress,I’m not sure if this is the best use of our time.,2025-01-17 12:58:12,Microsoft Teams
79,Well Done!,We’re on the right track—let’s keep pushing forward!,2025-01-21 11:47:12,Microsoft Teams
80,General Inquiry,Can you forward me the CEO’s email please?,2025-01-12 06:17:12,Email
81,Struggling with Deadlines,I’m feeling really burnt out and overwhelmed. I think I need a break,2025-01-15 04:31:12,Microsoft Teams
82,Fantastic Progress,Well done! Great teamwork,2025-01-21 10:58:12,Email
83,Meeting Rescheduled,Can you forward me the CEO’s email please?,2025-01-29 05:51:12,Slack
84,Feeling Overwhelmed,I’m worried I won’t meet my deadlines,2025-01-11 08:32:12,Email
85,Teamwork Pays Off,Well done! Great teamwork,2025-01-10 12:46:12,Microsoft Teams
86,Follow-Up Required,Let’s touch base later today to go over the next steps.,2025-01-16 12:50:12,Email
87,Need Clarity on Expectations,This feels like it’s dragging on. Can we speed things up?,2025-01-29 08:09:12,Slack
88,Outstanding Work!,Thanks for your hard work on this project!,2025-01-24 16:11:12,Microsoft Teams
89,Next Steps Discussion,This isn’t quite what I had in mind. Can we make a few adjustments?,2025-01-10 20:53:12,Microsoft Teams
90,Blocked on a Task,I’m struggling with a lack of clarity around the expectations for my role,2025-02-01 00:41:12,Email
91,Keep Up the Good Work!,We’re on the right track—let’s keep pushing forward!,2025-01-22 22:01:12,Slack
92,Clarification Needed,Let’s touch base later today to go over the next steps.,2025-01-30 04:42:12,Slack
93,Facing Challenges,I’m feeling really burnt out and overwhelmed. I think I need a break,2025-01-26 08:19:12,Slack
94,Excellent Execution!,Well done! Great teamwork,2025-01-29 17:17:12,Email
95,Check-In Reminder,Can we sync up to discuss our progress on the project?,2025-01-21 22:22:12,Slack
96,Workload Management Issues,I’m worried I won’t meet my deadlines,2025-02-01 14:28:12,Slack
97,Great Job!,Great work. Let’s schedule a meeting to discuss the next steps.,2025-01-22 20:39:12,Email
98,Project Update,Can we sync up to discuss our progress on the project?,2025-01-15 21:17:12,Email
99,Urgent: Need Assistance,"I suppose we can proceed, but I have some concerns.",2025-01-18 05:07:12,Microsoft Teams
100,Appreciation for Your Efforts,Great work. Let’s schedule a meeting to discuss the next steps.,2025-01-23 14:45:12,Slack
101,Quick Sync Needed,Can we sync up to discuss our progress on the project?,2025-01-20 21:05:12,Email
102,Concerns About Progress,"If that’s what everyone thinks is best, I’ll go along with it.",2025-02-02 08:15:12,Email
103,Well Done!,Thanks for your hard work on this project!,2025-01-12 17:29:12,Microsoft Teams
104,General Inquiry,Can you forward me the CEO’s email please?,2025-01-29 23:10:12,Slack
105,Struggling with Deadlines,I’m not sure if this is the best use of our time.,2025-01-29 00:15:12,Slack
106,Fantastic Progress,"Let’s keep it up, it looks good.",2025-02-02 22:47:12,Microsoft Teams
107,Meeting Rescheduled,Let’s touch base later today to go over the next steps.,2025-01-27 16:30:12,Slack
108,Feeling Overwhelmed,There’s not enough progress so far. We need to step it up.,2025-01-21 05:54:12,Email
109,Teamwork Pays Off,Great work. Let’s schedule a meeting to discuss the next steps.,2025-01-18 18:54:12,Microsoft Teams
110,Follow-Up Required,Can we sync up to discuss our progress on the project?,2025-02-01 01:20:12,Microsoft Teams
111,Need Clarity on Expectations,I’m not sure if this is the best use of our time.,2025-01-14 16:24:12,Slack
112,Outstanding Work!,Thanks for your hard work on this project—it really paid off!,2025-02-08 03:43:12,Slack
113,Next Steps Discussion,I’m feeling a bit unsure about this approach. What do you think?,2025-01-23 16:27:12,Email
114,Blocked on a Task,"I suppose we can proceed, but I have some concerns.",2025-02-06 16:58:12,Microsoft Teams
115,Keep Up the Good Work!,Thanks for your hard work on this project!,2025-01-25 01:33:12,Email
116,Clarification Needed,This isn’t quite what I had in mind. Can we make a few adjustments?,2025-01-16 05:42:12,Email
117,Facing Challenges,"I suppose we can proceed, but I have some concerns.",2025-02-01 01:49:12,Microsoft Teams
118,Excellent Execution!,Let’s keep the momentum going!,2025-01-11 22:15:12,Microsoft Teams
119,Check-In Reminder,The meeting has been rescheduled to 3 PM. Please update your calendars.,2025-02-04 11:06:12,Microsoft Teams
120,Workload Management Issues,Can someone help me with this project? I’m having trouble with...,2025-02-01 20:37:12,Microsoft Teams
121,Great Job!,Thanks for your hard work on this project!,2025-01-15 12:21:12,Slack
122,Project Update,I’m feeling a bit unsure about this approach. What do you think?,2025-01-24 07:00:12,Email
123,Urgent: Need Assistance,This feels like it’s dragging on. Can we speed things up?,2025-01-14 11:21:12,Email
124,Appreciation for Your Efforts,"Let’s keep it up, it looks good.",2025-01-19 18:28:12,Microsoft Teams
125,Quick Sync Needed,Can you forward me the CEO’s email please?,2025-01-31 12:07:12,Slack
126,Concerns About Progress,I’m feeling really burnt out and overwhelmed. I think I need a break,2025-01-09 22:19:12,Slack
127,Well Done!,Great work. Let’s schedule a meeting to discuss the next steps.,2025-01-28 13:55:12,Email
128,General Inquiry,The meeting has been rescheduled to 3 PM. Please update your calendars.,2025-02-08 00:34:12,Email
129,Struggling with Deadlines,This feels like it’s dragging on. Can we speed things up?,2025-01-23 13:57:12,Slack
130,Fantastic Progress,Great work. Let’s schedule a meeting to discuss the next steps.,2025-02-05 20:48:12,Microsoft Teams
131,Meeting Rescheduled,The meeting has been rescheduled to 3 PM. Please update your calendars.,2025-02-02 09:17:12,Slack
132,Feeling Overwhelmed,"I’m juggling a few things at the moment, so I might need some extra time.",2025-02-03 23:49:12,Microsoft Teams
133,Teamwork Pays Off,Let’s keep the momentum going!,2025-02-08 19:21:12,Email
134,Follow-Up Required,Can you forward me the CEO’s email please?,2025-01-15 23:18:12,Email
135,Need Clarity on Expectations,I’m swamped with deadlines this week,2025-02-05 17:41:12,Email
136,Outstanding Work!,Well done! Great teamwork,2025-02-02 10:35:12,Microsoft Teams
137,Next Steps Discussion,Here’s the link to the shared drive for the project files.,2025-02-02 05:39:12,Email
138,Blocked on a Task,This feels like it’s dragging on. Can we speed things up?,2025-01-22 23:06:12,Slack
139,Keep Up the Good Work!,Great work. Let’s schedule a meeting to discuss the next steps.,2025-01-14 06:57:12,Slack
140,Clarification Needed,Let’s touch base later today to go over the next steps.,2025-02-03 00:28:12,Email
141,Facing Challenges,"If that’s what everyone thinks is best, I’ll go along with it.",2025-01-17 23:05:12,Microsoft Teams
142,Excellent Execution!,We’re on the right track—let’s keep pushing forward!,2025-01-23 12:05:12,Email
143,Check-In Reminder,I’m feeling a bit unsure about this approach. What do you think?,2025-01-23 07:42:12,Email
144,Workload Management Issues,"I’ll try to make this work, but it’s not ideal.",2025-01-15 04:19:12,Slack
145,Great Job!,Excellent progress. Let’s push through the final stretch!,2025-02-03 07:04:12,Slack
146,Project Update,Here’s the link to the shared drive for the project files.,2025-02-02 16:27:12,Microsoft Teams
147,Urgent: Need Assistance,"I suppose we can proceed, but I have some concerns.",2025-01-11 17:54:12,Slack
148,Appreciation for Your Efforts,Let’s keep the momentum going!,2025-01-11 12:28:12,Microsoft Teams
149,Quick Sync Needed,Here’s the link to the shared drive for the project files.,2025-01-21 03:02:12,Microsoft Teams
150,Concerns About Progress,"If that’s what everyone thinks is best, I’ll go along with it.",2025-01-21 08:45:12,Slack
151,Well Done!,Excellent progress. Let’s push through the final stretch!,2025-02-02 22:48:12,Email
152,General Inquiry,The meeting has been rescheduled to 3 PM. Please update your calendars.,2025-02-07 09:06:12,Slack
153,Struggling with Deadlines,I’m struggling with a lack of clarity around the expectations for my role,2025-01-14 20:51:12,Email
154,Fantastic Progress,Excellent progress. Let’s push through the final stretch!,2025-01-13 16:35:12,Email
155,Meeting Rescheduled,Here’s the link to the shared drive for the project files.,2025-01-11 16:41:12,Email
156,Feeling Overwhelmed,Can someone help me with this project? I’m having trouble with...,2025-01-29 16:14:12,Microsoft Teams
157,Teamwork Pays Off,Thanks for your hard work on this project—it really paid off!,2025-02-06 21:57:12,Microsoft Teams
158,Follow-Up Required,Here’s the link to the shared drive for the project files.,2025-01-10 19:05:12,Microsoft Teams
159,Need Clarity on Expectations,"I’m juggling a few things at the moment, so I might need some extra time.",2025-01-20 09:42:12,Email
160,Outstanding Work!,Excellent progress. Let’s push through the final stretch!,2025-01-22 22:33:12,Microsoft Teams
161,Next Steps Discussion,The meeting has been rescheduled to 3 PM. Please update your calendars.,2025-01-17 10:56:12,Microsoft Teams
162,Blocked on a Task,"I suppose we can proceed, but I have some concerns.",2025-02-07 02:41:12,Slack
163,Keep Up the Good Work!,Excellent progress. Let’s push through the final stretch!,2025-02-04 20:36:12,Slack
164,Clarification Needed,I’m feeling a bit unsure about this approach. What do you think?,2025-01-30 10:28:12,Email
165,Facing Challenges,I’m hitting a few roadblocks here. Any suggestions?,2025-01-16 06:51:12,Slack
166,Excellent Execution!,Excellent progress. Let’s push through the final stretch!,2025-01-17 16:56:12,Email
167,Check-In Reminder,I’m feeling a bit unsure about this approach. What do you think?,2025-02-05 16:00:12,Email
168,Workload Management Issues,Can someone help me with this project? I’m having trouble with...,2025-01-12 06:52:12,Microsoft Teams
169,Great Job!,Excellent progress. Let’s push through the final stretch!,2025-01-14 02:56:12,Microsoft Teams
170,Project Update,Can you forward me the CEO’s email please?,2025-01-25 03:41:12,Microsoft Teams
171,Urgent: Need Assistance,"I’ll try to make this work, but it’s not ideal.",2025-02-05 08:20:12,Email
172,Appreciation for Your Efforts,"Let’s keep it up, it looks good.",2025-01-23 21:24:12,Slack
173,Quick Sync Needed,Can we sync up to discuss our progress on the project?,2025-01-13 18:37:12,Email
174,Concerns About Progress,"I suppose we can proceed, but I have some concerns.",2025-02-08 01:57:12,Microsoft Teams
175,Well Done!,Let’s keep the momentum going!,2025-02-05 06:11:12,Email
176,General Inquiry,I’m feeling a bit unsure about this approach. What do you think?,2025-01-15 22:36:12,Slack
177,Struggling with Deadlines,I’m swamped with deadlines this week,2025-01-12 00:48:12,Email
178,Fantastic Progress,"Let’s keep it up, it looks good.",2025-02-06 03:55:12,Email
179,Meeting Rescheduled,I’m feeling a bit unsure about this approach. What do you think?,2025-01-14 00:44:12,Microsoft Teams
180,Feeling Overwhelmed,There’s not enough progress so far. We need to step it up.,2025-01-29 23:48:12,Microsoft Teams
181,Teamwork Pays Off,Thanks for your hard work on this project!,2025-02-01 19:56:12,Slack
182,Follow-Up Required,Here’s the link to the shared drive for the project files.,2025-02-01 07:31:12,Microsoft Teams
183,Need Clarity on Expectations,"I’ll try to make this work, but it’s not ideal.",2025-02-02 10:06:12,Email
184,Outstanding Work!,Thanks for your hard work on this project!,2025-01-27 04:15:12,Email
185,Next Steps Discussion,This isn’t quite what I had in mind. Can we make a few adjustments?,2025-02-07 02:06:12,Email
186,Blocked on a Task,I’m hitting a few roadblocks here. Any suggestions?,2025-02-01 04:47:12,Microsoft Teams
187,Keep Up the Good Work!,Well done! Great teamwork,2025-01-28 06:08:12,Microsoft Teams
188,Clarification Needed,Can we sync up to discuss our progress on the project?,2025-01-28 08:22:12,Slack
189,Facing Challenges,I’m not sure if this is the best use of our time.,2025-02-02 07:21:12,Microsoft Teams
190,Excellent Execution!,We’re on the right track—let’s keep pushing forward!,2025-01-30 06:25:12,Microsoft Teams
191,Check-In Reminder,The meeting has been rescheduled to 3 PM. Please update your calendars.,2025-01-14 18:02:12,Slack
192,Workload Management Issues,I’m hitting a few roadblocks here. Any suggestions?,2025-01-26 14:26:12,Slack
193,Great Job!,Thanks for your hard work on this project—it really paid off!,2025-01-16 03:09:12,Email
194,Project Update,Here’s the link to the shared drive for the project files.,2025-01-28 13:42:12,Slack
195,Urgent: Need Assistance,There’s not enough progress so far. We need to step it up.,2025-02-02 21:29:12,Email
196,Appreciation for Your Efforts,Well done! Great teamwork,2025-01-12 14:22:12,Microsoft Teams
197,Quick Sync Needed,This isn’t quite what I had in mind. Can we make a few adjustments?,2025-01-11 03:36:12,Slack
198,Concerns About Progress,"I’m juggling a few things at the moment, so I might need some extra time.",2025-02-05 20:07:12,Microsoft Teams
199,Well Done!,Let’s keep the momentum going!,2025-01-29 07:04:12,Slack
200,General Inquiry,Here’s the link to the shared drive for the project files.,2025-01-15 04:15:12,Email
201,Struggling with Deadlines,"I suppose we can proceed, but I have some concerns.",2025-01-12 05:42:12,Microsoft Teams
202,Fantastic Progress,Excellent progress. Let’s push through the final stretch!,2025-02-02 00:20:12,Slack
203,Meeting Rescheduled,Here’s the link to the shared drive for the project files.,2025-01-18 13:22:12,Microsoft Teams
204,Feeling Overwhelmed,I’m worried I won’t meet my deadlines,2025-01-28 18:20:12,Email
205,Teamwork Pays Off,"Let’s keep it up, it looks good.",2025-01-30 18:13:12,Slack
206,Follow-Up Required,I’m feeling a bit unsure about this approach. What do you think?,2025-01-14 18:09:12,Slack
207,Need Clarity on Expectations,I’m not sure if this is the best use of our time.,2025-01-25 05:08:12,Microsoft Teams
208,Outstanding Work!,We’re on the right track—let’s keep pushing forward!,2025-01-23 18:41:12,Email
209,Next Steps Discussion,Can you forward me the CEO’s email please?,2025-01-12 10:01:12,Slack
210,Blocked on a Task,"I’ll try to make this work, but it’s not ideal.",2025-02-04 08:14:12,Microsoft Teams
211,Keep Up the Good Work!,Excellent progress. Let’s push through the final stretch!,2025-01-15 16:05:12,Email
212,Clarification Needed,The meeting has been rescheduled to 3 PM. Please update your calendars.,2025-01-19 14:56:12,Email
213,Facing Challenges,"I’m juggling a few things at the moment, so I might need some extra time.",2025-01-25 01:00:12,Microsoft Teams
214,Excellent Execution!,Great work. Let’s schedule a meeting to discuss the next steps.,2025-01-17 16:50:12,Slack
215,Check-In Reminder,Can you forward me the CEO’s email please?,2025-01-17 15:15:12,Microsoft Teams
216,Workload Management Issues,I’m worried I won’t meet my deadlines,2025-01-22 03:23:12,Slack
217,Great Job!,Excellent progress. Let’s push through the final stretch!,2025-01-29 14:32:12,Microsoft Teams
218,Project Update,This isn’t quite what I had in mind. Can we make a few adjustments?,2025-02-06 17:58:12,Email
219,Urgent: Need Assistance,There’s not enough progress so far. We need to step it up.,2025-01-15 22:58:12,Slack
220,Appreciation for Your Efforts,Let’s keep the momentum going!,2025-01-25 09:28:12,Slack
221,Quick Sync Needed,I’m feeling a bit unsure about this approach. What do you think?,2025-01-16 09:05:12,Microsoft Teams
222,Concerns About Progress,This feels like it’s dragging on. Can we speed things up?,2025-02-02 05:23:12,Email
223,Well Done!,Thanks for your hard work on this project!,2025-01-10 17:32:12,Slack
224,General Inquiry,This isn’t quite what I had in mind. Can we make a few adjustments?,2025-01-13 11:04:12,Microsoft Teams
225,Struggling with Deadlines,"If that’s what everyone thinks is best, I’ll go along with it.",2025-02-04 15:07:12,Microsoft Teams
226,Fantastic Progress,Let’s keep the momentum going!,2025-01-11 21:25:12,Microsoft Teams
227,Meeting Rescheduled,This isn’t quite what I had in mind. Can we make a few adjustments?,2025-01-23 21:32:12,Email
228,Feeling Overwhelmed,Can someone help me with this project? I’m having trouble with...,2025-01-10 23:34:12,Microsoft Teams
229,Teamwork Pays Off,We’re on the right track—let’s keep pushing forward!,2025-01-13 11:43:12,Email
230,Follow-Up Required,Can you forward me the CEO’s email please?,2025-01-25 01:51:12,Email
231,Need Clarity on Expectations,I’m hitting a few roadblocks here. Any suggestions?,2025-01-28 15:16:12,Email
232,Outstanding Work!,We’re on the right track—let’s keep pushing forward!,2025-01-31 23:39:12,Email
233,Next Steps Discussion,The meeting has been rescheduled to 3 PM. Please update your calendars.,2025-02-06 13:45:12,Slack
234,Blocked on a Task,"I’ll try to make this work, but it’s not ideal.",2025-01-31 00:33:12,Slack
235,Keep Up the Good Work!,Well done! Great teamwork,2025-02-02 22:26:12,Slack
236,Clarification Needed,The meeting has been rescheduled to 3 PM. Please update your calendars.,2025-02-05 00:39:12,Microsoft Teams
237,Facing Challenges,There’s not enough progress so far. We need to step it up.,2025-01-11 19:51:12,Microsoft Teams
238,Excellent Execution!,We’re on the right track—let’s keep pushing forward!,2025-01-16 10:41:12,Slack
239,Check-In Reminder,This isn’t quite what I had in mind. Can we make a few adjustments?,2025-01-26 08:32:12,Email
240,Workload Management Issues,This feels like it’s dragging on. Can we speed things up?,2025-01-11 15:12:12,Email
241,Great Job!,Thanks for your hard work on this project!,2025-01-14 11:20:12,Microsoft Teams
242,Project Update,Can we sync up to discuss our progress on the project?,2025-02-04 22:03:12,Email
243,Urgent: Need Assistance,"I’ll try to make this work, but it’s not ideal.",2025-01-10 07:44:12,Slack
244,Appreciation for Your Efforts,Thanks for your hard work on this project—it really paid off!,2025-02-03 11:10:12,Email
245,Quick Sync Needed,Let’s touch base later today to go over the next steps.,2025-02-07 20:49:12,Slack
246,Concerns About Progress,I’ve got a lot on my plate right now—let’s see if we can prioritize.,2025-02-06 18:10:12,Email
247,Well Done!,Excellent progress. Let’s push through the final stretch!,2025-01-14 23:55:12,Email
248,General Inquiry,I’m feeling a bit unsure about this approach. What do you think?,2025-01-18 23:19:12,Email
249,Struggling with Deadlines,"I suppose we can proceed, but I have some concerns.",2025-01-20 01:19:12,Slack
250,Fantastic Progress,Let’s keep the momentum going!,2025-01-14 11:18:12,Microsoft Teams
251,Meeting Rescheduled,Let’s touch base later today to go over the next steps.,2025-01-18 21:57:12,Microsoft Teams
252,Feeling Overwhelmed,I’m struggling with a lack of clarity around the expectations for my role,2025-01-16 02:16:12,Slack
253,Teamwork Pays Off,Thanks for your hard work on this project!,2025-01-15 11:41:12,Slack
254,Follow-Up Required,Let’s touch base later today to go over the next steps.,2025-01-11 11:04:12,Slack
255,Need Clarity on Expectations,I’m struggling with a lack of clarity around the expectations for my role,2025-01-30 13:12:12,Microsoft Teams
256,Outstanding Work!,Great work. Let’s schedule a meeting to discuss the next steps.,2025-02-06 00:23:12,Microsoft Teams
257,Next Steps Discussion,I’m feeling a bit unsure about this approach. What do you think?,2025-01-20 20:27:12,Slack
258,Blocked on a Task,"I’m juggling a few things at the moment, so I might need some extra time.",2025-02-02 18:35:12,Microsoft Teams
259,Keep Up the Good Work!,Well done! Great teamwork,2025-01-22 16:23:12,Email
260,Clarification Needed,The meeting has been rescheduled to 3 PM. Please update your calendars.,2025-01-11 15:58:12,Email
261,Facing Challenges,I’m hitting a few roadblocks here. Any suggestions?,2025-01-27 02:59:12,Slack
262,Excellent Execution!,Well done! Great teamwork,2025-01-15 14:57:12,Microsoft Teams
263,Check-In Reminder,This isn’t quite what I had in mind. Can we make a few adjustments?,2025-01-14 05:27:12,Email
264,Workload Management Issues,"If that’s what everyone thinks is best, I’ll go along with it.",2025-01-31 22:59:12,Slack
265,Great Job!,Excellent progress. Let’s push through the final stretch!,2025-01-31 07:11:12,Microsoft Teams
266,Project Update,Can we sync up to discuss our progress on the project?,2025-01-14 16:06:12,Email
267,Urgent: Need Assistance,This feels like it’s dragging on. Can we speed things up?,2025-01-20 19:16:12,Slack
268,Appreciation for Your Efforts,Excellent progress. Let’s push through the final stretch!,2025-01-13 17:26:12,Microsoft Teams
269,Quick Sync Needed,Let’s touch base later today to go over the next steps.,2025-01-15 13:51:12,Email
270,Concerns About Progress,I’m feeling really burnt out and overwhelmed. I think I need a break,2025-01-10 15:42:12,Microsoft Teams
271,Well Done!,Let’s keep the momentum going!,2025-01-19 10:00:12,Slack
272,General Inquiry,Can we sync up to discuss our progress on the project?,2025-01-27 04:41:12,Email
273,Struggling with Deadlines,I’m not sure if this is the best use of our time.,2025-01-26 04:35:12,Email
274,Fantastic Progress,Thanks for your hard work on this project!,2025-01-31 09:32:12,Microsoft Teams
275,Meeting Rescheduled,This isn’t quite what I had in mind. Can we make a few adjustments?,2025-01-31 09:09:12,Email
276,Feeling Overwhelmed,"I’m juggling a few things at the moment, so I might need some extra time.",2025-01-30 03:04:12,Slack
277,Teamwork Pays Off,We’re on the right track—let’s keep pushing forward!,2025-01-18 02:31:12,Email
278,Follow-Up Required,Here’s the link to the shared drive for the project files.,2025-01-16 15:34:12,Slack
279,Need Clarity on Expectations,I’m swamped with deadlines this week,2025-01-27 13:37:12,Email
280,Outstanding Work!,Great work. Let’s schedule a meeting to discuss the next steps.,2025-01-21 16:26:12,Microsoft Teams
281,Next Steps Discussion,Let’s touch base later today to go over the next steps.,2025-02-04 17:05:12,Slack
282,Blocked on a Task,I’ve got a lot on my plate right now—let’s see if we can prioritize.,2025-01-24 11:59:12,Email
283,Keep Up the Good Work!,"Let’s keep it up, it looks good.",2025-01-23 22:37:12,Email
284,Clarification Needed,Let’s touch base later today to go over the next steps.,2025-02-08 07:34:12,Email
285,Facing Challenges,I’m worried I won’t meet my deadlines,2025-01-13 14:12:12,Slack
286,Excellent Execution!,We’re on the right track—let’s keep pushing forward!,2025-01-26 04:36:12,Slack
287,Check-In Reminder,The meeting has been rescheduled to 3 PM. Please update your calendars.,2025-01-11 13:10:12,Email
288,Workload Management Issues,This feels like it’s dragging on. Can we speed things up?,2025-01-22 21:21:12,Slack
289,Great Job!,Thanks for your hard work on this project!,2025-01-25 21:54:12,Email
290,Project Update,Can you forward me the CEO’s email please?,2025-01-20 05:35:12,Email
291,Urgent: Need Assistance,"I’m juggling a few things at the moment, so I might need some extra time.",2025-01-20 02:17:12,Microsoft Teams
292,Appreciation for Your Efforts,We’re on the right track—let’s keep pushing forward!,2025-01-31 03:28:12,Slack
293,Quick Sync Needed,Let’s touch base later today to go over the next steps.,2025-02-08 02:00:12,Slack
294,Concerns About Progress,"I’m juggling a few things at the moment, so I might need some extra time.",2025-01-17 00:05:12,Email
295,Well Done!,"Let’s keep it up, it looks good.",2025-01-21 12:36:12,Slack
296,General Inquiry,Let’s touch base later today to go over the next steps.,2025-01-17 12:02:12,Slack
297,Struggling with Deadlines,I’m worried I won’t meet my deadlines,2025-01-17 19:40:12,Email
298,Fantastic Progress,We’re on the right track—let’s keep pushing forward!,2025-02-01 00:20:12,Microsoft Teams
299,Meeting Rescheduled,Can you forward me the CEO’s email please?,2025-01-29 07:01:12,Slack
300,Feeling Overwhelmed,I’ve got a lot on my plate right now—let’s see if we can prioritize.,2025-01-31 17:36:12,Microsoft Teams
301,Teamwork Pays Off,Let’s keep the momentum going!,2025-02-04 21:22:12,Slack
302,Follow-Up Required,Here’s the link to the shared drive for the project files.,2025-01-10 21:40:12,Email
303,Need Clarity on Expectations,There’s not enough progress so far. We need to step it up.,2025-01-22 22:58:12,Slack
304,Outstanding Work!,We’re on the right track—let’s keep pushing forward!,2025-01-11 08:15:12,Email
305,Next Steps Discussion,Can you forward me the CEO’s email please?,2025-02-07 16:37:12,Microsoft Teams
306,Blocked on a Task,This feels like it’s dragging on. Can we speed things up?,2025-01-26 20:09:12,Microsoft Teams
307,Keep Up the Good Work!,We’re on the right track—let’s keep pushing forward!,2025-02-01 15:57:12,Microsoft Teams
308,Clarification Needed,I’m feeling a bit unsure about this approach. What do you think?,2025-01-29 03:49:12,Slack
309,Facing Challenges,I’m worried I won’t meet my deadlines,2025-02-02 06:22:12,Microsoft Teams
310,Excellent Execution!,Excellent progress. Let’s push through the final stretch!,2025-02-03 17:10:12,Slack
311,Check-In Reminder,I’m feeling a bit unsure about this approach. What do you think?,2025-01-29 05:39:12,Email
312,Workload Management Issues,Can someone help me with this project? I’m having trouble with...,2025-01-27 17:39:12,Email
313,Great Job!,Great work. Let’s schedule a meeting to discuss the next steps.,2025-01-14 09:18:12,Microsoft Teams
314,Project Update,Can we sync up to discuss our progress on the project?,2025-02-03 22:19:12,Slack
315,Urgent: Need Assistance,"I suppose we can proceed, but I have some concerns.",2025-02-04 17:14:12,Slack
316,Appreciation for Your Efforts,Great work. Let’s schedule a meeting to discuss the next steps.,2025-01-09 21:59:12,Email
317,Quick Sync Needed,Here’s the link to the shared drive for the project files.,2025-02-04 16:54:12,Email
318,Concerns About Progress,There’s not enough progress so far. We need to step it up.,2025-02-04 06:36:12,Email
319,Well Done!,Thanks for your hard work on this project!,2025-01-13 23:02:12,Email
320,General Inquiry,Let’s touch base later today to go over the next steps.,2025-02-02 16:05:12,Slack
321,Struggling with Deadlines,This feels like it’s dragging on. Can we speed things up?,2025-01-31 19:04:12,Microsoft Teams
322,Fantastic Progress,We’re on the right track—let’s keep pushing forward!,2025-01-17 15:37:12,Microsoft Teams
323,Meeting Rescheduled,I’m feeling a bit unsure about this approach. What do you think?,2025-01-28 18:12:12,Microsoft Teams
324,Feeling Overwhelmed,I’m not sure if this is the best use of our time.,2025-01-30 05:49:12,Slack
325,Teamwork Pays Off,Thanks for your hard work on this project—it really paid off!,2025-02-04 02:06:12,Slack
326,Follow-Up Required,Can you forward me the CEO’s email please?,2025-01-31 12:18:12,Email
327,Need Clarity on Expectations,"I’m juggling a few things at the moment, so I might need some extra time.",2025-01-13 10:35:12,Slack
328,Outstanding Work!,Well done! Great teamwork,2025-02-06 22:20:12,Email
329,Next Steps Discussion,Can we sync up to discuss our progress on the project?,2025-01-31 23:53:12,Microsoft Teams
330,Blocked on a Task,I’m not sure if this is the best use of our time.,2025-01-21 21:20:12,Microsoft Teams
331,Keep Up the Good Work!,"Let’s keep it up, it looks good.",2025-01-24 06:45:12,Email
332,Clarification Needed,I’m feeling a bit unsure about this approach. What do you think?,2025-01-27 18:44:12,Microsoft Teams
333,Facing Challenges,"I’m juggling a few things at the moment, so I might need some extra time.",2025-01-16 20:11:12,Slack
334,Excellent Execution!,Let’s keep the momentum going!,2025-01-14 18:43:12,Microsoft Teams
335,Check-In Reminder,Here’s the link to the shared drive for the project files.,2025-02-02 06:03:12,Microsoft Teams
336,Workload Management Issues,"I’m juggling a few things at the moment, so I might need some extra time.",2025-02-06 06:28:12,Slack
337,Great Job!,Excellent progress. Let’s push through the final stretch!,2025-01-10 12:28:12,Slack
338,Project Update,Let’s touch base later today to go over the next steps.,2025-02-08 00:31:12,Email
339,Urgent: Need Assistance,I’m not sure if this is the best use of our time.,2025-01-22 11:26:12,Slack
340,Appreciation for Your Efforts,Well done! Great teamwork,2025-02-05 11:30:12,Microsoft Teams
341,Quick Sync Needed,This isn’t quite what I had in mind. Can we make a few adjustments?,2025-01-13 17:04:12,Microsoft Teams
342,Concerns About Progress,"I’m juggling a few things at the moment, so I might need some extra time.",2025-01-10 02:14:12,Microsoft Teams
343,Well Done!,Thanks for your hard work on this project!,2025-01-17 11:18:12,Email
344,General Inquiry,I’m feeling a bit unsure about this approach. What do you think?,2025-01-24 05:54:12,Email
345,Struggling with Deadlines,"If that’s what everyone thinks is best, I’ll go along with it.",2025-01-13 14:13:12,Microsoft Teams
346,Fantastic Progress,Well done! Great teamwork,2025-01-21 11:59:12,Microsoft Teams
347,Meeting Rescheduled,This isn’t quite what I had in mind. Can we make a few adjustments?,2025-01-23 04:40:12,Microsoft Teams
348,Feeling Overwhelmed,I’m worried I won’t meet my deadlines,2025-02-08 06:11:12,Slack
349,Teamwork Pays Off,Thanks for your hard work on this project!,2025-01-10 02:58:12,Email
350,Follow-Up Required,Here’s the link to the shared drive for the project files.,2025-02-07 10:56:12,Email
351,Need Clarity on Expectations,I’m swamped with deadlines this week,2025-01-26 22:50:12,Email
352,Outstanding Work!,Thanks for your hard work on this project!,2025-01-31 08:12:12,Email
353,Next Steps Discussion,The meeting has been rescheduled to 3 PM. Please update your calendars.,2025-01-13 01:30:12,Microsoft Teams
354,Blocked on a Task,I’ve got a lot on my plate right now—let’s see if we can prioritize.,2025-01-28 14:40:12,Microsoft Teams
355,Keep Up the Good Work!,Thanks for your hard work on this project!,2025-02-07 18:41:12,Slack
356,Clarification Needed,Can we sync up to discuss our progress on the project?,2025-01-13 10:55:12,Email
357,Facing Challenges,"I’ll try to make this work, but it’s not ideal.",2025-01-14 05:55:12,Slack
358,Excellent Execution!,Thanks for your hard work on this project!,2025-01-21 10:23:12,Email
359,Check-In Reminder,The meeting has been rescheduled to 3 PM. Please update your calendars.,2025-01-30 01:31:12,Microsoft Teams
360,Workload Management Issues,There’s not enough progress so far. We need to step it up.,2025-01-10 01:11:12,Email
361,Great Job!,Well done! Great teamwork,2025-01-30 17:18:12,Slack
362,Project Update,This isn’t quite what I had in mind. Can we make a few adjustments?,2025-01-10 03:58:12,Microsoft Teams
363,Urgent: Need Assistance,"I’m juggling a few things at the moment, so I might need some extra time.",2025-01-11 09:08:12,Microsoft Teams
364,Appreciation for Your Efforts,Excellent progress. Let’s push through the final stretch!,2025-01-30 07:42:12,Email
365,Quick Sync Needed,Here’s the link to the shared drive for the project files.,2025-01-14 11:12:12,Email
366,Concerns About Progress,I’ve got a lot on my plate right now—let’s see if we can prioritize.,2025-02-05 16:36:12,Slack
367,Well Done!,Thanks for your hard work on this project!,2025-01-16 08:08:12,Microsoft Teams
368,General Inquiry,Let’s touch base later today to go over the next steps.,2025-01-19 17:41:12,Microsoft Teams
369,Struggling with Deadlines,I’m not sure if this is the best use of our time.,2025-01-30 02:01:12,Slack
370,Fantastic Progress,Great work. Let’s schedule a meeting to discuss the next steps.,2025-01-13 19:10:12,Slack
371,Meeting Rescheduled,Can we sync up to discuss our progress on the project?,2025-01-15 16:45:12,Slack
372,Feeling Overwhelmed,I’ve got a lot on my plate right now—let’s see if we can prioritize.,2025-01-12 12:25:12,Slack
373,Teamwork Pays Off,"Let’s keep it up, it looks good.",2025-02-04 18:12:12,Email
374,Follow-Up Required,I’m feeling a bit unsure about this approach. What do you think?,2025-01-26 03:36:12,Slack
375,Need Clarity on Expectations,I’m feeling really burnt out and overwhelmed. I think I need a break,2025-02-02 23:26:12,Microsoft Teams
376,Outstanding Work!,Let’s keep the momentum going!,2025-01-29 02:46:12,Slack
377,Next Steps Discussion,Here’s the link to the shared drive for the project files.,2025-01-12 09:28:12,Microsoft Teams
378,Blocked on a Task,I’ve got a lot on my plate right now—let’s see if we can prioritize.,2025-01-12 05:27:12,Slack
379,Keep Up the Good Work!,Thanks for your hard work on this project—it really paid off!,2025-01-23 23:45:12,Slack
380,Clarification Needed,This isn’t quite what I had in mind. Can we make a few adjustments?,2025-01-28 18:19:12,Email
381,Facing Challenges,I’m feeling really burnt out and overwhelmed. I think I need a break,2025-02-02 06:35:12,Slack
382,Excellent Execution!,Let’s keep the momentum going!,2025-02-02 03:52:12,Microsoft Teams
383,Check-In Reminder,This isn’t quite what I had in mind. Can we make a few adjustments?,2025-01-23 13:26:12,Slack
384,Workload Management Issues,There’s not enough progress so far. We need to step it up.,2025-01-17 20:34:12,Slack
385,Great Job!,Great work. Let’s schedule a meeting to discuss the next steps.,2025-01-22 19:39:12,Slack
386,Project Update,Can we sync up to discuss our progress on the project?,2025-01-19 14:49:12,Slack
387,Urgent: Need Assistance,I’m struggling with a lack of clarity around the expectations for my role,2025-01-18 19:27:12,Email
388,Appreciation for Your Efforts,Thanks for your hard work on this project—it really paid off!,2025-02-08 14:23:12,Slack
389,Quick Sync Needed,Can you forward me the CEO’s email please?,2025-01-19 08:13:12,Slack
390,Concerns About Progress,I’m struggling with a lack of clarity around the expectations for my role,2025-01-16 02:55:12,Microsoft Teams
391,Well Done!,"Let’s keep it up, it looks good.",2025-02-08 09:37:12,Email
392,General Inquiry,Here’s the link to the shared drive for the project files.,2025-01-13 09:06:12,Email
393,Struggling with Deadlines,I’m feeling really burnt out and overwhelmed. I think I need a break,2025-01-25 21:50:12,Microsoft Teams
394,Fantastic Progress,Let’s keep the momentum going!,2025-01-15 19:07:12,Email
395,Meeting Rescheduled,Let’s touch base later today to go over the next steps.,2025-01-30 14:21:12,Microsoft Teams
396,Feeling Overwhelmed,"I’m juggling a few things at the moment, so I might need some extra time.",2025-01-22 08:20:12,Slack
397,Teamwork Pays Off,"Let’s keep it up, it looks good.",2025-01-16 13:44:12,Slack
398,Follow-Up Required,This isn’t quite what I had in mind. Can we make a few adjustments?,2025-01-16 20:11:12,Slack
399,Need Clarity on Expectations,This feels like it’s dragging on. Can we speed things up?,2025-01-18 08:49:12,Slack
400,Outstanding Work!,Let’s keep the momentum going!,2025-01-30 06:24:12,Email
401,Next Steps Discussion,Here’s the link to the shared drive for the project files.,2025-02-08 05:37:12,Microsoft Teams
402,Blocked on a Task,I’m swamped with deadlines this week,2025-01-11 14:03:12,Slack
403,Keep Up the Good Work!,"Let’s keep it up, it looks good.",2025-01-25 07:23:12,Microsoft Teams
404,Clarification Needed,Can you forward me the CEO’s email please?,2025-01-14 12:28:12,Slack
405,Facing Challenges,I’ve got a lot on my plate right now—let’s see if we can prioritize.,2025-01-17 04:12:12,Slack
406,Excellent Execution!,Great work. Let’s schedule a meeting to discuss the next steps.,2025-01-12 11:54:12,Email
407,Check-In Reminder,I’m feeling a bit unsure about this approach. What do you think?,2025-01-15 11:02:12,Slack
408,Workload Management Issues,There’s not enough progress so far. We need to step it up.,2025-01-18 00:12:12,Slack
409,Great Job!,Thanks for your hard work on this project—it really paid off!,2025-02-07 09:49:12,Email
410,Project Update,Can we sync up to discuss our progress on the project?,2025-01-21 01:36:12,Slack
411,Urgent: Need Assistance,"I’m juggling a few things at the moment, so I might need some extra time.",2025-01-27 19:30:12,Slack
412,Appreciation for Your Efforts,Well done! Great teamwork,2025-01-26 03:35:12,Microsoft Teams
413,Quick Sync Needed,This isn’t quite what I had in mind. Can we make a few adjustments?,2025-01-29 03:51:12,Slack
414,Concerns About Progress,I’m struggling with a lack of clarity around the expectations for my role,2025-01-12 21:15:12,Slack
415,Well Done!,We’re on the right track—let’s keep pushing forward!,2025-01-29 03:58:12,Microsoft Teams
416,General Inquiry,This isn’t quite what I had in mind. Can we make a few adjustments?,2025-01-25 09:17:12,Email
417,Struggling with Deadlines,I’ve got a lot on my plate right now—let’s see if we can prioritize.,2025-01-14 04:03:12,Microsoft Teams
418,Fantastic Progress,We’re on the right track—let’s keep pushing forward!,2025-01-25 17:11:12,Email
419,Meeting Rescheduled,I’m feeling a bit unsure about this approach. What do you think?,2025-01-16 13:19:12,Microsoft Teams
420,Feeling Overwhelmed,I’m struggling with a lack of clarity around the expectations for my role,2025-02-05 09:00:12,Email
421,Teamwork Pays Off,"Let’s keep it up, it looks good.",2025-01-12 21:42:12,Microsoft Teams
422,Follow-Up Required,The meeting has been rescheduled to 3 PM. Please update your calendars.,2025-01-31 20:00:12,Microsoft Teams
423,Need Clarity on Expectations,I’m swamped with deadlines this week,2025-01-24 11:27:12,Email
424,Outstanding Work!,Well done! Great teamwork,2025-01-22 10:31:12,Slack
425,Next Steps Discussion,Here’s the link to the shared drive for the project files.,2025-01-29 10:39:12,Microsoft Teams
426,Blocked on a Task,I’m not sure if this is the best use of our time.,2025-01-25 18:35:12,Email
427,Keep Up the Good Work!,Thanks for your hard work on this project!,2025-01-12 13:38:12,Microsoft Teams
428,Clarification Needed,Let’s touch base later today to go over the next steps.,2025-01-10 08:25:12,Slack
429,Facing Challenges,"I’ll try to make this work, but it’s not ideal.",2025-01-21 02:20:12,Slack
430,Excellent Execution!,Great work. Let’s schedule a meeting to discuss the next steps.,2025-02-08 09:16:12,Slack
431,Check-In Reminder,Can we sync up to discuss our progress on the project?,2025-01-13 08:05:12,Slack
432,Workload Management Issues,Can someone help me with this project? I’m having trouble with...,2025-01-19 01:08:12,Slack
433,Great Job!,We’re on the right track—let’s keep pushing forward!,2025-01-20 03:16:12,Microsoft Teams
434,Project Update,Let’s touch base later today to go over the next steps.,2025-01-27 14:36:12,Email
435,Urgent: Need Assistance,"I’ll try to make this work, but it’s not ideal.",2025-02-05 09:11:12,Microsoft Teams
436,Appreciation for Your Efforts,Excellent progress. Let’s push through the final stretch!,2025-02-06 04:20:12,Microsoft Teams
437,Quick Sync Needed,Here’s the link to the shared drive for the project files.,2025-01-14 01:07:12,Slack
438,Concerns About Progress,This feels like it’s dragging on. Can we speed things up?,2025-01-24 03:57:12,Slack
439,Well Done!,Thanks for your hard work on this project!,2025-01-26 01:21:12,Email
440,General Inquiry,The meeting has been rescheduled to 3 PM. Please update your calendars.,2025-01-27 10:35:12,Microsoft Teams
441,Struggling with Deadlines,I’m feeling really burnt out and overwhelmed. I think I need a break,2025-01-14 08:09:12,Slack
442,Fantastic Progress,"Let’s keep it up, it looks good.",2025-02-08 13:15:12,Microsoft Teams
443,Meeting Rescheduled,This isn’t quite what I had in mind. Can we make a few adjustments?,2025-02-02 10:43:12,Microsoft Teams
444,Feeling Overwhelmed,I’m worried I won’t meet my deadlines,2025-01-11 19:26:12,Email
445,Teamwork Pays Off,We’re on the right track—let’s keep pushing forward!,2025-01-12 15:44:12,Microsoft Teams
446,Follow-Up Required,Can you forward me the CEO’s email please?,2025-02-06 22:13:12,Email
447,Need Clarity on Expectations,"I suppose we can proceed, but I have some concerns.",2025-01-17 17:05:12,Email
448,Outstanding Work!,Great work. Let’s schedule a meeting to discuss the next steps.,2025-02-01 15:06:12,Slack
449,Next Steps Discussion,Here’s the link to the shared drive for the project files.,2025-02-04 10:47:12,Email
450,Blocked on a Task,"I’ll try to make this work, but it’s not ideal.",2025-02-04 15:02:12,Slack
451,Keep Up the Good Work!,Thanks for your hard work on this project—it really paid off!,2025-01-19 14:25:12,Slack
452,Clarification Needed,I’m feeling a bit unsure about this approach. What do you think?,2025-01-30 11:18:12,Microsoft Teams
453,Facing Challenges,"If that’s what everyone thinks is best, I’ll go along with it.",2025-02-02 12:48:12,Email
454,Excellent Execution!,Thanks for your hard work on this project!,2025-02-04 04:40:12,Microsoft Teams
455,Check-In Reminder,The meeting has been rescheduled to 3 PM. Please update your calendars.,2025-02-06 02:29:12,Microsoft Teams
456,Workload Management Issues,"If that’s what everyone thinks is best, I’ll go along with it.",2025-02-05 04:44:12,Email
457,Great Job!,Let’s keep the momentum going!,2025-01-18 16:25:12,Microsoft Teams
458,Project Update,Can we sync up to discuss our progress on the project?,2025-01-12 06:58:12,Email
459,Urgent: Need Assistance,This feels like it’s dragging on. Can we speed things up?,2025-02-05 11:43:12,Slack
460,Appreciation for Your Efforts,Let’s keep the momentum going!,2025-01-15 09:40:12,Email
461,Quick Sync Needed,The meeting has been rescheduled to 3 PM. Please update your calendars.,2025-01-16 18:41:12,Microsoft Teams
462,Concerns About Progress,I’ve got a lot on my plate right now—let’s see if we can prioritize.,2025-01-10 22:17:12,Email
463,Well Done!,Thanks for your hard work on this project!,2025-01-29 22:35:12,Email
464,General Inquiry,I’m feeling a bit unsure about this approach. What do you think?,2025-02-08 17:15:12,Slack
465,Struggling with Deadlines,"I suppose we can proceed, but I have some concerns.",2025-01-16 12:53:12,Email
466,Fantastic Progress,Great work. Let’s schedule a meeting to discuss the next steps.,2025-01-31 17:30:12,Microsoft Teams
467,Meeting Rescheduled,Let’s touch base later today to go over the next steps.,2025-01-22 17:35:12,Microsoft Teams
468,Feeling Overwhelmed,This feels like it’s dragging on. Can we speed things up?,2025-01-27 19:22:12,Email
469,Teamwork Pays Off,Great work. Let’s schedule a meeting to discuss the next steps.,2025-02-02 21:04:12,Slack
470,Follow-Up Required,This isn’t quite what I had in mind. Can we make a few adjustments?,2025-01-31 02:54:12,Microsoft Teams
471,Need Clarity on Expectations,Can someone help me with this project? I’m having trouble with...,2025-02-08 00:29:12,Microsoft Teams
472,Outstanding Work!,Well done! Great teamwork,2025-01-14 15:41:12,Microsoft Teams
473,Next Steps Discussion,The meeting has been rescheduled to 3 PM. Please update your calendars.,2025-01-22 05:27:12,Slack
474,Blocked on a Task,I’m feeling really burnt out and overwhelmed. I think I need a break,2025-01-31 23:50:12,Email
475,Keep Up the Good Work!,Great work. Let’s schedule a meeting to discuss the next steps.,2025-01-27 22:55:12,Slack
476,Clarification Needed,Can we sync up to discuss our progress on the project?,2025-02-04 03:33:12,Microsoft Teams
477,Facing Challenges,"I’m juggling a few things at the moment, so I might need some extra time.",2025-01-26 09:04:12,Email
478,Excellent Execution!,Excellent progress. Let’s push through the final stretch!,2025-02-06 10:50:12,Email
479,Check-In Reminder,I’m feeling a bit unsure about this approach. What do you think?,2025-01-21 22:05:12,Microsoft Teams
480,Workload Management Issues,I’m feeling really burnt out and overwhelmed. I think I need a break,2025-01-16 20:34:12,Microsoft Teams
481,Great Job!,Let’s keep the momentum going!,2025-01-15 06:06:12,Email
482,Project Update,The meeting has been rescheduled to 3 PM. Please update your calendars.,2025-02-05 16:59:12,Email
483,Urgent: Need Assistance,I’m swamped with deadlines this week,2025-02-02 18:28:12,Microsoft Teams
484,Appreciation for Your Efforts,We’re on the right track—let’s keep pushing forward!,2025-02-06 21:58:12,Microsoft Teams
485,Quick Sync Needed,This isn’t quite what I had in mind. Can we make a few adjustments?,2025-01-30 15:49:12,Email
486,Concerns About Progress,"If that’s what everyone thinks is best, I’ll go along with it.",2025-01-17 23:13:12,Email
487,Well Done!,Great work. Let’s schedule a meeting to discuss the next steps.,2025-02-07 17:39:12,Slack
488,General Inquiry,Can we sync up to discuss our progress on the project?,2025-01-25 01:30:12,Microsoft Teams
489,Struggling with Deadlines,"If that’s what everyone thinks is best, I’ll go along with it.",2025-01-17 17:15:12,Microsoft Teams
490,Fantastic Progress,Well done! Great teamwork,2025-02-01 10:51:12,Email
491,Meeting Rescheduled,The meeting has been rescheduled to 3 PM. Please update your calendars.,2025-01-31 00:25:12,Microsoft Teams
492,Feeling Overwhelmed,I’m not sure if this is the best use of our time.,2025-01-29 10:31:12,Microsoft Teams
493,Teamwork Pays Off,Great work. Let’s schedule a meeting to discuss the next steps.,2025-01-11 14:44:12,Slack
494,Follow-Up Required,Can we sync up to discuss our progress on the project?,2025-01-29 17:28:12,Microsoft Teams
495,Need Clarity on Expectations,I’m worried I won’t meet my deadlines,2025-02-06 02:38:12,Slack
496,Outstanding Work!,Great work. Let’s schedule a meeting to discuss the next steps.,2025-01-26 23:21:12,Slack
497,Next Steps Discussion,This isn’t quite what I had in mind. Can we make a few adjustments?,2025-01-11 08:13:12,Microsoft Teams
498,Blocked on a Task,Can someone help me with this project? I’m having trouble with...,2025-01-16 04:36:12,Microsoft Teams
499,Keep Up the Good Work!,We’re on the right track—let’s keep pushing forward!,2025-01-21 18:22:12,Microsoft Teams
500,Clarification Needed,Here’s the link to the shared drive for the project files.,2025-01-12 11:26:12,Email
